,ATpLS,ATpLS,ATpLS,ATpLS,ATpLS,ATpLS,ATpLS,ATpLS,ATpLS,ATpLS,ATpLS,ATpLS,ATpLS,ATpLS,ATpLS,ATpLS,ATpLS,ATpLS,ATpLS,ATpLS,ATpLS,ATpLS,ATpLS,ATpLS
,count,mean,std,min,5%,10%,15%,20%,25%,30%,35%,40%,45%,50%,55%,60%,65%,70%,75%,80%,85%,90%,95%,max
target,,,,,,,,,,,,,,,,,,,,,,,,
0,3801.0,46.456986496356485,39.639733193864544,0.011514797,2.866291585,5.372440462,8.161774628,11.39925501,14.48558155,18.28152682,21.83317462,26.22712342,30.29309643,34.77334589,40.3513766,46.4838099,53.10723879,60.27359697,68.29830893,79.04135129,91.26726534,106.939541,127.48738,179.1760601
1,6199.0,60.10553297116212,63.477522673486924,0.013535157,2.835399686,5.9504663980000005,8.9913980331,12.306538524000002,15.90856205,19.870065458,23.849748253999998,28.919516310000002,33.891315771,39.70511592,45.63057924500001,52.62502772799999,60.05017393600001,69.405321086,80.15968329,94.6975153,115.81239805000004,145.26722324000002,195.3088939199999,503.3726162
